<?xml version="1.0" encoding="UTF-8"?>
<document type="com.apple.InterfaceBuilder3.CocoaTouch.Storyboard.XIB" version="3.0" toolsVersion="13529" targetRuntime="iOS.CocoaTouch" propertyAccessControl="none" useAutolayout="YES" useTraitCollections="YES" useSafeAreas="YES" colorMatched="YES" initialViewController="BYZ-38-t0r">
    <device id="retina4_7" orientation="portrait">
        <adaptation id="fullscreen"/>
    </device>
    <dependencies>
        <deployment identifier="iOS"/>
        <plugIn identifier="com.apple.InterfaceBuilder.IBCocoaTouchPlugin" version="13527"/>
        <capability name="Safe area layout guides" minToolsVersion="9.0"/>
        <capability name="documents saved in the Xcode 8 format" minToolsVersion="8.0"/>
    </dependencies>
    <scenes>
        <!--View Controller-->
        <scene sceneID="tne-QT-ifu">
            <objects>
                <viewController id="BYZ-38-t0r" customClass="ViewController" customModule="ASIO" customModuleProvider="target" sceneMemberID="viewController">
                    <view key="view" contentMode="scaleToFill" id="8bC-Xf-vdC">
                        <rect key="frame" x="0.0" y="0.0" width="375" height="667"/>
                        <autoresizingMask key="autoresizingMask" widthSizable="YES" heightSizable="YES"/>
                        <subviews>
                            <button opaque="NO" contentMode="scaleToFill" fixedFrame="YES" contentHorizontalAlignment="center" contentVerticalAlignment="center" buttonType="roundedRect" lineBreakMode="middleTruncation" translatesAutoresizingMaskIntoConstraints="NO" id="Ygg-h1-VCf">
                                <rect key="frame" x="149" y="594" width="77" height="30"/>
                                <autoresizingMask key="autoresizingMask" flexibleMaxX="YES" flexibleMaxY="YES"/>
                                <state key="normal" title="マーク選択"/>
                                <connections>
                                    <segue destination="VtJ-wa-o4d" kind="show" id="14k-UH-c8d"/>
                                </connections>
                            </button>
                            <button opaque="NO" contentMode="scaleToFill" fixedFrame="YES" contentHorizontalAlignment="center" contentVerticalAlignment="center" buttonType="roundedRect" lineBreakMode="middleTruncation" translatesAutoresizingMaskIntoConstraints="NO" id="isX-3S-tDX">
                                <rect key="frame" x="265" y="594" width="77" height="30"/>
                                <autoresizingMask key="autoresizingMask" flexibleMaxX="YES" flexibleMaxY="YES"/>
                                <state key="normal" title="マーク説明"/>
                                <connections>
                                    <segue destination="vP2-Od-bii" kind="show" id="4RU-Gh-X4Q"/>
                                </connections>
                            </button>
                            <button opaque="NO" contentMode="scaleToFill" fixedFrame="YES" contentHorizontalAlignment="center" contentVerticalAlignment="center" buttonType="roundedRect" lineBreakMode="middleTruncation" translatesAutoresizingMaskIntoConstraints="NO" id="PPr-xb-lxv" customClass="Button_Custom" customModule="ASIO" customModuleProvider="target">
                                <rect key="frame" x="16" y="594" width="108" height="30"/>
                                <autoresizingMask key="autoresizingMask" flexibleMaxX="YES" flexibleMaxY="YES"/>
                                <state key="normal" title="マッピング削除">
                                    <color key="titleColor" red="1" green="0.32557112965402124" blue="0.30015305549003302" alpha="1" colorSpace="custom" customColorSpace="sRGB"/>
                                    <color key="titleShadowColor" red="0.11827133491342356" green="0.28729242642841779" blue="1" alpha="1" colorSpace="custom" customColorSpace="sRGB"/>
                                </state>
                                <userDefinedRuntimeAttributes>
                                    <userDefinedRuntimeAttribute type="number" keyPath="borderWidth">
                                        <real key="value" value="1"/>
                                    </userDefinedRuntimeAttribute>
                                    <userDefinedRuntimeAttribute type="number" keyPath="cornerRadius">
                                        <real key="value" value="-1"/>
                                    </userDefinedRuntimeAttribute>
                                    <userDefinedRuntimeAttribute type="color" keyPath="textColor">
                                        <color key="value" red="0.0" green="0.47843137250000001" blue="1" alpha="1" colorSpace="custom" customColorSpace="sRGB"/>
                                    </userDefinedRuntimeAttribute>
                                </userDefinedRuntimeAttributes>
                                <connections>
                                    <segue destination="bXv-Gu-Kzl" kind="show" id="wdN-Wm-aOy"/>
                                </connections>
                            </button>
                            <button opaque="NO" contentMode="scaleToFill" fixedFrame="YES" contentHorizontalAlignment="center" contentVerticalAlignment="center" buttonType="roundedRect" lineBreakMode="middleTruncation" translatesAutoresizingMaskIntoConstraints="NO" id="5Od-jN-qOB">
                                <rect key="frame" x="141" y="632" width="92" height="30"/>
                                <autoresizingMask key="autoresizingMask" flexibleMaxX="YES" flexibleMaxY="YES"/>
                                <state key="normal" title="他マップ検索"/>
                                <connections>
                                    <segue destination="74W-sC-OZA" kind="show" id="zpy-B8-xd8"/>
                                </connections>
                            </button>
                            <mapView clipsSubviews="YES" multipleTouchEnabled="YES" contentMode="scaleToFill" fixedFrame="YES" mapType="standard" showsUserLocation="YES" translatesAutoresizingMaskIntoConstraints="NO" id="voh-tv-NUq">
                                <rect key="frame" x="0.0" y="0.0" width="375" height="594"/>
                                <autoresizingMask key="autoresizingMask" flexibleMaxX="YES" flexibleMaxY="YES"/>
                            </mapView>
                        </subviews>
                        <color key="backgroundColor" red="1" green="1" blue="1" alpha="1" colorSpace="custom" customColorSpace="sRGB"/>
                        <viewLayoutGuide key="safeArea" id="6Tk-OE-BBY"/>
                    </view>
                    <connections>
                        <outlet property="testViewMap" destination="voh-tv-NUq" id="P9g-P1-99c"/>
                    </connections>
                </viewController>
                <placeholder placeholderIdentifier="IBFirstResponder" id="dkx-z0-nzr" sceneMemberID="firstResponder"/>
            </objects>
            <point key="canvasLocation" x="-135.19999999999999" y="123.68815592203899"/>
        </scene>
        <!--View Controller-->
        <scene sceneID="ddS-ia-RMI">
            <objects>
                <viewController id="74W-sC-OZA" sceneMemberID="viewController">
                    <view key="view" contentMode="scaleToFill" id="rSz-QD-CV5">
                        <rect key="frame" x="0.0" y="0.0" width="375" height="667"/>
                        <autoresizingMask key="autoresizingMask" widthSizable="YES" heightSizable="YES"/>
                        <subviews>
                            <button opaque="NO" contentMode="scaleToFill" fixedFrame="YES" contentHorizontalAlignment="center" contentVerticalAlignment="center" buttonType="roundedRect" lineBreakMode="middleTruncation" translatesAutoresizingMaskIntoConstraints="NO" id="DhF-md-QIj">
                                <rect key="frame" x="234" y="575" width="92" height="30"/>
                                <autoresizingMask key="autoresizingMask" flexibleMaxX="YES" flexibleMaxY="YES"/>
                                <state key="normal" title="マップに戻る"/>
                                <connections>
                                    <segue destination="BYZ-38-t0r" kind="show" id="7Nf-Zc-ugc"/>
                                </connections>
                            </button>
                            <button opaque="NO" contentMode="scaleToFill" fixedFrame="YES" contentHorizontalAlignment="center" contentVerticalAlignment="center" buttonType="roundedRect" lineBreakMode="middleTruncation" translatesAutoresizingMaskIntoConstraints="NO" id="B6m-LA-7CX">
                                <rect key="frame" x="159" y="222" width="31" height="30"/>
                                <autoresizingMask key="autoresizingMask" flexibleMaxX="YES" flexibleMaxY="YES"/>
                                <state key="normal" title="検索"/>
                                <connections>
                                    <segue destination="qSB-zM-M5I" kind="show" id="Vrj-Nr-iYB"/>
                                </connections>
                            </button>
                        </subviews>
                        <color key="backgroundColor" white="1" alpha="1" colorSpace="calibratedWhite"/>
                        <viewLayoutGuide key="safeArea" id="ftQ-4G-eLJ"/>
                    </view>
                </viewController>
                <placeholder placeholderIdentifier="IBFirstResponder" id="b6c-lg-YP2" userLabel="First Responder" sceneMemberID="firstResponder"/>
            </objects>
            <point key="canvasLocation" x="-809" y="884"/>
        </scene>
        <!--View Controller-->
        <scene sceneID="hHd-s1-xc8">
            <objects>
                <viewController id="qSB-zM-M5I" sceneMemberID="viewController">
                    <view key="view" contentMode="scaleToFill" id="wU4-6y-knc">
                        <rect key="frame" x="0.0" y="0.0" width="375" height="667"/>
                        <autoresizingMask key="autoresizingMask" widthSizable="YES" heightSizable="YES"/>
                        <subviews>
                            <button opaque="NO" contentMode="scaleToFill" fixedFrame="YES" contentHorizontalAlignment="center" contentVerticalAlignment="center" buttonType="roundedRect" lineBreakMode="middleTruncation" translatesAutoresizingMaskIntoConstraints="NO" id="gMt-P1-9lD">
                                <rect key="frame" x="250" y="578" width="62" height="30"/>
                                <autoresizingMask key="autoresizingMask" flexibleMaxX="YES" flexibleMaxY="YES"/>
                                <state key="normal" title="適応する"/>
                                <connections>
                                    <segue destination="BYZ-38-t0r" kind="show" id="uDz-o7-UUw"/>
                                </connections>
                            </button>
                            <button opaque="NO" contentMode="scaleToFill" fixedFrame="YES" contentHorizontalAlignment="center" contentVerticalAlignment="center" buttonType="roundedRect" lineBreakMode="middleTruncation" translatesAutoresizingMaskIntoConstraints="NO" id="ufb-kI-BWk">
                                <rect key="frame" x="72" y="578" width="77" height="30"/>
                                <autoresizingMask key="autoresizingMask" flexibleMaxX="YES" flexibleMaxY="YES"/>
                                <state key="normal" title="検索画面へ"/>
                                <connections>
                                    <segue destination="74W-sC-OZA" kind="show" id="w6t-99-WKq"/>
                                </connections>
                            </button>
                            <label opaque="NO" userInteractionEnabled="NO" contentMode="left" horizontalHuggingPriority="251" verticalHuggingPriority="251" fixedFrame="YES" text="検索結果" textAlignment="natural" lineBreakMode="tailTruncation" baselineAdjustment="alignBaselines" adjustsFontSizeToFit="NO" translatesAutoresizingMaskIntoConstraints="NO" id="zgR-Iw-zAD">
                                <rect key="frame" x="155" y="99" width="70" height="21"/>
                                <autoresizingMask key="autoresizingMask" flexibleMaxX="YES" flexibleMaxY="YES"/>
                                <fontDescription key="fontDescription" type="system" pointSize="17"/>
                                <nil key="textColor"/>
                                <nil key="highlightedColor"/>
                            </label>
                        </subviews>
                        <color key="backgroundColor" white="1" alpha="1" colorSpace="calibratedWhite"/>
                        <viewLayoutGuide key="safeArea" id="xVk-X2-Eda"/>
                    </view>
                </viewController>
                <placeholder placeholderIdentifier="IBFirstResponder" id="d23-JB-49p" userLabel="First Responder" sceneMemberID="firstResponder"/>
            </objects>
            <point key="canvasLocation" x="0.80000000000000004" y="883.80809595202402"/>
        </scene>
        <!--View Controller-->
        <scene sceneID="557-u2-hqG">
            <objects>
                <viewController id="bXv-Gu-Kzl" sceneMemberID="viewController">
                    <view key="view" contentMode="scaleToFill" id="wvz-D0-LRB">
                        <rect key="frame" x="0.0" y="0.0" width="375" height="667"/>
                        <autoresizingMask key="autoresizingMask" widthSizable="YES" heightSizable="YES"/>
                        <subviews>
                            <label opaque="NO" userInteractionEnabled="NO" contentMode="left" horizontalHuggingPriority="251" verticalHuggingPriority="251" fixedFrame="YES" text="マッピングを削除しますか?" textAlignment="natural" lineBreakMode="tailTruncation" baselineAdjustment="alignBaselines" adjustsFontSizeToFit="NO" translatesAutoresizingMaskIntoConstraints="NO" id="dHT-Ax-Euz">
                                <rect key="frame" x="73" y="120" width="217" height="21"/>
                                <autoresizingMask key="autoresizingMask" flexibleMaxX="YES" flexibleMaxY="YES"/>
                                <fontDescription key="fontDescription" type="system" pointSize="17"/>
                                <nil key="textColor"/>
                                <nil key="highlightedColor"/>
                            </label>
                            <button opaque="NO" contentMode="scaleToFill" fixedFrame="YES" contentHorizontalAlignment="center" contentVerticalAlignment="center" buttonType="roundedRect" lineBreakMode="middleTruncation" translatesAutoresizingMaskIntoConstraints="NO" id="5ad-uJ-L4q">
                                <rect key="frame" x="166" y="219" width="31" height="30"/>
                                <autoresizingMask key="autoresizingMask" flexibleMaxX="YES" flexibleMaxY="YES"/>
                                <state key="normal" title="はい"/>
                            </button>
                            <button opaque="NO" contentMode="scaleToFill" fixedFrame="YES" contentHorizontalAlignment="center" contentVerticalAlignment="center" buttonType="roundedRect" lineBreakMode="middleTruncation" translatesAutoresizingMaskIntoConstraints="NO" id="iI2-5x-cTh">
                                <rect key="frame" x="158" y="297" width="46" height="30"/>
                                <autoresizingMask key="autoresizingMask" flexibleMaxX="YES" flexibleMaxY="YES"/>
                                <state key="normal" title="いいえ"/>
                                <connections>
                                    <segue destination="BYZ-38-t0r" kind="show" id="j8P-YE-i8A"/>
                                </connections>
                            </button>
                        </subviews>
                        <color key="backgroundColor" white="1" alpha="1" colorSpace="calibratedWhite"/>
                        <viewLayoutGuide key="safeArea" id="jrN-de-lbv"/>
                    </view>
                </viewController>
                <placeholder placeholderIdentifier="IBFirstResponder" id="bSw-gA-vxi" userLabel="First Responder" sceneMemberID="firstResponder"/>
            </objects>
            <point key="canvasLocation" x="-1055" y="152"/>
        </scene>
        <!--View Controller-->
        <scene sceneID="G7R-ce-vQ6">
            <objects>
                <viewController id="vP2-Od-bii" sceneMemberID="viewController">
                    <view key="view" contentMode="scaleToFill" id="htR-GZ-EY6">
                        <rect key="frame" x="0.0" y="0.0" width="375" height="667"/>
                        <autoresizingMask key="autoresizingMask" widthSizable="YES" heightSizable="YES"/>
                        <subviews>
                            <label opaque="NO" userInteractionEnabled="NO" contentMode="left" horizontalHuggingPriority="251" verticalHuggingPriority="251" fixedFrame="YES" usesAttributedText="YES" lineBreakMode="tailTruncation" baselineAdjustment="alignBaselines" minimumScaleFactor="0.5" translatesAutoresizingMaskIntoConstraints="NO" id="eVR-dA-gV5">
                                <rect key="frame" x="50" y="500" width="300" height="55"/>
                                <autoresizingMask key="autoresizingMask" flexibleMaxX="YES" flexibleMaxY="YES"/>
                                <attributedString key="attributedText">
                                    <fragment content="黒: その他">
                                        <attributes>
                                            <font key="NSFont" size="36" name=".HiraKakuInterface-W3"/>
                                        </attributes>
                                    </fragment>
                                </attributedString>
                                <nil key="highlightedColor"/>
                            </label>
                            <button opaque="NO" contentMode="scaleToFill" fixedFrame="YES" contentHorizontalAlignment="center" contentVerticalAlignment="center" buttonType="roundedRect" lineBreakMode="middleTruncation" translatesAutoresizingMaskIntoConstraints="NO" id="j7o-a3-Dal">
                                <rect key="frame" x="190" y="604" width="190" height="66"/>
                                <autoresizingMask key="autoresizingMask" flexibleMaxX="YES" flexibleMaxY="YES"/>
                                <color key="backgroundColor" red="0.70196078431372544" green="0.83137254901960778" blue="0.85882352941176465" alpha="1" colorSpace="custom" customColorSpace="sRGB"/>
                                <fontDescription key="fontDescription" type="system" pointSize="25"/>
                                <color key="tintColor" red="0.1182713349" green="0.28729242640000002" blue="1" alpha="1" colorSpace="custom" customColorSpace="sRGB"/>
                                <state key="normal" title="マップに戻る"/>
                                <connections>
                                    <segue destination="BYZ-38-t0r" kind="show" id="7y2-Oe-QuH"/>
                                </connections>
                            </button>
                            <button opaque="NO" contentMode="scaleToFill" fixedFrame="YES" contentHorizontalAlignment="center" contentVerticalAlignment="center" buttonType="roundedRect" lineBreakMode="middleTruncation" translatesAutoresizingMaskIntoConstraints="NO" id="MKO-hl-f4L">
                                <rect key="frame" x="0.0" y="604" width="190" height="66"/>
                                <autoresizingMask key="autoresizingMask" flexibleMaxX="YES" flexibleMaxY="YES"/>
                                <color key="backgroundColor" red="0.85490196078431369" green="0.91764705882352937" blue="0.81568627450980391" alpha="1" colorSpace="custom" customColorSpace="sRGB"/>
                                <fontDescription key="fontDescription" type="system" pointSize="25"/>
                                <color key="tintColor" red="0.1182713349" green="0.28729242640000002" blue="1" alpha="1" colorSpace="custom" customColorSpace="sRGB"/>
                                <state key="normal" title="マーク選択"/>
                                <connections>
                                    <segue destination="VtJ-wa-o4d" kind="show" id="LNj-yj-BNz"/>
                                </connections>
                            </button>
                            <label opaque="NO" userInteractionEnabled="NO" contentMode="left" horizontalHuggingPriority="251" verticalHuggingPriority="251" fixedFrame="YES" usesAttributedText="YES" lineBreakMode="tailTruncation" baselineAdjustment="alignBaselines" minimumScaleFactor="0.5" translatesAutoresizingMaskIntoConstraints="NO" id="aqu-8L-DXq">
                                <rect key="frame" x="35" y="17" width="305" height="66"/>
                                <autoresizingMask key="autoresizingMask" flexibleMaxX="YES" flexibleMaxY="YES"/>
                                <attributedString key="attributedText">
                                    <fragment content="それぞれのマーク色の説明">
                                        <attributes>
                                            <font key="NSFont" size="35" name=".HiraKakuInterface-W3"/>
                                        </attributes>
                                    </fragment>
                                </attributedString>
                                <nil key="highlightedColor"/>
                            </label>
                            <label opaque="NO" userInteractionEnabled="NO" contentMode="left" horizontalHuggingPriority="251" verticalHuggingPriority="251" fixedFrame="YES" usesAttributedText="YES" lineBreakMode="tailTruncation" numberOfLines="0" baselineAdjustment="alignBaselines" minimumScaleFactor="0.5" highlighted="YES" translatesAutoresizingMaskIntoConstraints="NO" id="UQZ-WA-SXR">
                                <rect key="frame" x="50" y="140" width="300" height="55"/>
                                <autoresizingMask key="autoresizingMask" flexibleMaxX="YES" flexibleMaxY="YES"/>
                                <attributedString key="attributedText">
                                    <fragment content="赤: 事故の危険">
                                        <attributes>
                                            <color key="NSColor" red="1" green="0.0" blue="0.05960557291662294" alpha="1" colorSpace="custom" customColorSpace="sRGB"/>
                                            <font key="NSFont" size="35" name=".HiraKakuInterface-W3"/>
                                        </attributes>
                                    </fragment>
                                </attributedString>
                                <nil key="highlightedColor"/>
                            </label>
                            <label opaque="NO" userInteractionEnabled="NO" contentMode="left" horizontalHuggingPriority="251" verticalHuggingPriority="251" fixedFrame="YES" usesAttributedText="YES" lineBreakMode="tailTruncation" baselineAdjustment="alignBaselines" minimumScaleFactor="0.5" translatesAutoresizingMaskIntoConstraints="NO" id="HCk-Wa-Ayz">
                                <rect key="frame" x="50" y="260" width="300" height="55"/>
                                <autoresizingMask key="autoresizingMask" flexibleMaxX="YES" flexibleMaxY="YES"/>
                                <attributedString key="attributedText">
                                    <fragment content="青">
                                        <attributes>
                                            <color key="NSColor" red="0.054050998751362878" green="0.28798302661891562" blue="1" alpha="1" colorSpace="custom" customColorSpace="sRGB"/>
                                            <font key="NSFont" size="35" name=".HiraKakuInterface-W3"/>
                                            <font key="NSOriginalFont" metaFont="system" size="35"/>
                                        </attributes>
                                    </fragment>
                                    <fragment content=": ">
                                        <attributes>
                                            <color key="NSColor" red="0.054050998751362878" green="0.28798302661891562" blue="1" alpha="1" colorSpace="custom" customColorSpace="sRGB"/>
                                            <font key="NSFont" metaFont="system" size="35"/>
                                        </attributes>
                                    </fragment>
                                    <fragment content="警察の張り込み">
                                        <attributes>
                                            <color key="NSColor" red="0.054050998751362878" green="0.28798302661891562" blue="1" alpha="1" colorSpace="custom" customColorSpace="sRGB"/>
                                            <font key="NSFont" size="35" name=".HiraKakuInterface-W3"/>
                                            <font key="NSOriginalFont" metaFont="system" size="35"/>
                                        </attributes>
                                    </fragment>
                                </attributedString>
                                <nil key="highlightedColor"/>
                            </label>
                            <label opaque="NO" userInteractionEnabled="NO" contentMode="left" horizontalHuggingPriority="251" verticalHuggingPriority="251" fixedFrame="YES" usesAttributedText="YES" lineBreakMode="tailTruncation" baselineAdjustment="alignBaselines" minimumScaleFactor="0.5" translatesAutoresizingMaskIntoConstraints="NO" id="ci1-Er-rmV">
                                <rect key="frame" x="50" y="380" width="300" height="55"/>
                                <autoresizingMask key="autoresizingMask" flexibleMaxX="YES" flexibleMaxY="YES"/>
                                <attributedString key="attributedText">
                                    <fragment content="黄: 過去の事故現場">
                                        <attributes>
                                            <color key="NSColor" red="1" green="0.75587023693030531" blue="0.16200056488632253" alpha="1" colorSpace="custom" customColorSpace="sRGB"/>
                                            <font key="NSFont" metaFont="system" size="35"/>
                                        </attributes>
                                    </fragment>
                                </attributedString>
                                <nil key="highlightedColor"/>
                            </label>
                            <view contentMode="scaleToFill" fixedFrame="YES" translatesAutoresizingMaskIntoConstraints="NO" id="pvc-4f-ys2">
                                <rect key="frame" x="21" y="91" width="332" height="2"/>
                                <autoresizingMask key="autoresizingMask" flexibleMaxX="YES" flexibleMaxY="YES"/>
                                <color key="backgroundColor" white="0.49338727678571431" alpha="1" colorSpace="calibratedWhite"/>
                            </view>
                        </subviews>
                        <color key="backgroundColor" white="1" alpha="1" colorSpace="calibratedWhite"/>
                        <viewLayoutGuide key="safeArea" id="B1s-mw-Wjt"/>
                    </view>
                </viewController>
                <placeholder placeholderIdentifier="IBFirstResponder" id="Rps-Xl-R58" userLabel="First Responder" sceneMemberID="firstResponder"/>
            </objects>
            <point key="canvasLocation" x="632.79999999999995" y="549.17541229385313"/>
        </scene>
        <!--View Controller-->
        <scene sceneID="7y9-KR-Hey">
            <objects>
                <viewController id="VtJ-wa-o4d" sceneMemberID="viewController">
                    <view key="view" contentMode="scaleToFill" id="Qil-aE-EOK">
                        <rect key="frame" x="0.0" y="0.0" width="375" height="667"/>
                        <autoresizingMask key="autoresizingMask" widthSizable="YES" heightSizable="YES"/>
                        <subviews>
                            <button opaque="NO" contentMode="scaleToFill" fixedFrame="YES" contentHorizontalAlignment="center" contentVerticalAlignment="center" buttonType="roundedRect" lineBreakMode="middleTruncation" translatesAutoresizingMaskIntoConstraints="NO" id="gxI-bx-ytJ">
                                <rect key="frame" x="190" y="604" width="190" height="66"/>
                                <autoresizingMask key="autoresizingMask" flexibleMaxX="YES" flexibleMaxY="YES"/>
                                <color key="backgroundColor" red="0.70352163461538464" green="0.83137254901960778" blue="0.85882352941176465" alpha="1" colorSpace="custom" customColorSpace="sRGB"/>
                                <fontDescription key="fontDescription" type="system" pointSize="25"/>
                                <state key="normal" title="マップに戻る">
                                    <color key="titleColor" red="0.1182713349" green="0.28729242640000002" blue="1" alpha="1" colorSpace="custom" customColorSpace="sRGB"/>
                                </state>
                                <connections>
                                    <segue destination="BYZ-38-t0r" kind="show" id="HCC-2M-X7S"/>
                                </connections>
                            </button>
                            <button opaque="NO" contentMode="scaleToFill" fixedFrame="YES" contentHorizontalAlignment="center" contentVerticalAlignment="center" buttonType="roundedRect" lineBreakMode="middleTruncation" translatesAutoresizingMaskIntoConstraints="NO" id="QYI-Kd-yr1">
                                <rect key="frame" x="0.0" y="604" width="190" height="66"/>
                                <autoresizingMask key="autoresizingMask" flexibleMaxX="YES" flexibleMaxY="YES"/>
                                <color key="backgroundColor" red="0.85490196078431369" green="0.91764705882352937" blue="0.81568627450980391" alpha="1" colorSpace="custom" customColorSpace="sRGB"/>
                                <fontDescription key="fontDescription" type="system" pointSize="25"/>
                                <color key="tintColor" red="0.054050998750000002" green="0.28798302660000002" blue="1" alpha="1" colorSpace="custom" customColorSpace="sRGB"/>
                                <state key="normal" title="マーク説明"/>
                                <connections>
                                    <segue destination="vP2-Od-bii" kind="show" id="9cM-FP-ohN"/>
                                </connections>
                            </button>
                            <label opaque="NO" userInteractionEnabled="NO" contentMode="left" horizontalHuggingPriority="251" verticalHuggingPriority="251" fixedFrame="YES" text="マークの色を選択してください" textAlignment="natural" lineBreakMode="tailTruncation" baselineAdjustment="alignBaselines" adjustsFontSizeToFit="NO" translatesAutoresizingMaskIntoConstraints="NO" id="klA-ir-AYN">
                                <rect key="frame" x="66" y="68" width="286" height="52"/>
                                <autoresizingMask key="autoresizingMask" flexibleMaxX="YES" flexibleMaxY="YES"/>
                                <fontDescription key="fontDescription" type="system" pointSize="17"/>
                                <nil key="textColor"/>
                                <nil key="highlightedColor"/>
                            </label>
                            <button opaque="NO" contentMode="scaleToFill" fixedFrame="YES" contentHorizontalAlignment="center" contentVerticalAlignment="center" buttonType="roundedRect" showsTouchWhenHighlighted="YES" lineBreakMode="middleTruncation" translatesAutoresizingMaskIntoConstraints="NO" id="Y8O-wf-F5p">
                                <rect key="frame" x="201" y="170" width="153" height="122"/>
                                <autoresizingMask key="autoresizingMask" flexibleMaxX="YES" flexibleMaxY="YES"/>
                                <color key="backgroundColor" red="0.054050998750000002" green="0.28798302660000002" blue="1" alpha="1" colorSpace="custom" customColorSpace="sRGB"/>
                                <color key="tintColor" white="0.0" alpha="0.0" colorSpace="calibratedWhite"/>
                            </button>
                            <button opaque="NO" contentMode="scaleToFill" fixedFrame="YES" contentHorizontalAlignment="center" contentVerticalAlignment="center" buttonType="roundedRect" showsTouchWhenHighlighted="YES" lineBreakMode="middleTruncation" translatesAutoresizingMaskIntoConstraints="NO" id="SNV-3w-R7s">
                                <rect key="frame" x="32" y="318" width="153" height="122"/>
                                <autoresizingMask key="autoresizingMask" flexibleMaxX="YES" flexibleMaxY="YES"/>
                                <color key="backgroundColor" white="0.0" alpha="1" colorSpace="custom" customColorSpace="genericGamma22GrayColorSpace"/>
                                <color key="tintColor" white="0.0" alpha="0.0" colorSpace="calibratedWhite"/>
                            </button>
                            <button opaque="NO" contentMode="scaleToFill" fixedFrame="YES" contentHorizontalAlignment="center" contentVerticalAlignment="center" buttonType="roundedRect" showsTouchWhenHighlighted="YES" lineBreakMode="middleTruncation" translatesAutoresizingMaskIntoConstraints="NO" id="kmw-Xx-Fqb">
                                <rect key="frame" x="201" y="318" width="153" height="122"/>
                                <autoresizingMask key="autoresizingMask" flexibleMaxX="YES" flexibleMaxY="YES"/>
                                <color key="backgroundColor" red="1" green="0.75587023689999999" blue="0.1620005649" alpha="1" colorSpace="custom" customColorSpace="sRGB"/>
                                <color key="tintColor" white="0.0" alpha="0.0" colorSpace="calibratedWhite"/>
                                <state key="normal" title=" "/>
                            </button>
                            <button opaque="NO" contentMode="scaleToFill" fixedFrame="YES" contentHorizontalAlignment="center" contentVerticalAlignment="center" buttonType="roundedRect" showsTouchWhenHighlighted="YES" lineBreakMode="middleTruncation" translatesAutoresizingMaskIntoConstraints="NO" id="Nyg-Y9-Pgz">
                                <rect key="frame" x="32" y="170" width="153" height="122"/>
                                <autoresizingMask key="autoresizingMask" flexibleMaxX="YES" flexibleMaxY="YES"/>
                                <color key="backgroundColor" red="1" green="0.0" blue="0.059605572920000002" alpha="1" colorSpace="custom" customColorSpace="sRGB"/>
                                <fontDescription key="fontDescription" type="system" pointSize="21"/>
                                <color key="tintColor" white="0.0" alpha="0.0" colorSpace="calibratedWhite"/>
                                <size key="titleShadowOffset" width="10" height="10"/>
                                <state key="normal">
                                    <color key="titleColor" white="1" alpha="1" colorSpace="calibratedWhite"/>
                                </state>
                            </button>
                        </subviews>
                        <color key="backgroundColor" white="1" alpha="1" colorSpace="calibratedWhite"/>
                        <viewLayoutGuide key="safeArea" id="YRa-df-2Hh"/>
                    </view>
                </viewController>
                <placeholder placeholderIdentifier="IBFirstResponder" id="32u-mb-oDb" userLabel="First Responder" sceneMemberID="firstResponder"/>
            </objects>
            <point key="canvasLocation" x="632.79999999999995" y="-172.26386806596702"/>
        </scene>
    </scenes>
    <inferredMetricsTieBreakers>
        <segue reference="LNj-yj-BNz"/>
        <segue reference="9cM-FP-ohN"/>
        <segue reference="zpy-B8-xd8"/>
        <segue reference="HCC-2M-X7S"/>
    </inferredMetricsTieBreakers>
</document>
